"","x","predicted","std.error","conf.low","conf.high","group"
"1","1",0.0230387118187749,0.0049799077187734,0.013278272043646,0.0327991515939038,"1"
"2","2",0.0317908665708986,0.0049799077187734,0.0220304267957697,0.0415513063460275,"1"
"3","3",0.0606302873851404,0.00739918753645543,0.0461281462988301,0.0751324284714507,"1"
